{"accuracy": 0.9966468873986166, "precision": 0.32452830188679244, "recall": 0.8775510204081632, "f1_score": 0.4738292011019284}