{"accuracy": 0.9201680672268907, "precision": 0.17647058823529413, "recall": 0.375, "f1_score": 0.24}