{"accuracy": 0.9730290456431535, "precision": 1.0, "recall": 0.4583333333333333, "f1_score": 0.6285714285714286}